/*
 Navicat MySQL Data Transfer

 Source Server         : localhost_3306
 Source Server Type    : MariaDB
 Source Server Version : 100134
 Source Host           : localhost:3306
 Source Schema         : auction_project

 Target Server Type    : MariaDB
 Target Server Version : 100134
 File Encoding         : 65001

 Date: 28/08/2018 15:14:56
*/

SET NAMES utf8mb4;
SET FOREIGN_KEY_CHECKS = 0;

-- ----------------------------
-- Table structure for auction
-- ----------------------------
DROP TABLE IF EXISTS `auction`;
CREATE TABLE `auction`  (
  `auction_id` int(11) UNSIGNED NOT NULL AUTO_INCREMENT,
  `created_at` timestamp(0) NOT NULL DEFAULT CURRENT_TIMESTAMP,
  `title` varchar(255) CHARACTER SET utf8 COLLATE utf8_unicode_ci NOT NULL,
  `description` text CHARACTER SET utf8 COLLATE utf8_unicode_ci NOT NULL,
  `starting_price` decimal(10, 2) UNSIGNED NOT NULL,
  `starts_at` datetime(0) NULL DEFAULT NULL,
  `ends_at` datetime(0) NULL DEFAULT NULL,
  `is_active` tinyint(1) UNSIGNED NOT NULL DEFAULT 1,
  `category_id` int(11) UNSIGNED NOT NULL,
  `user_id` int(11) UNSIGNED NOT NULL,
  `image_path` varchar(255) CHARACTER SET utf8 COLLATE utf8_unicode_ci NOT NULL,
  PRIMARY KEY (`auction_id`) USING BTREE,
  UNIQUE INDEX `uq_auction_image_path`(`image_path`) USING BTREE,
  INDEX `fk_auction_category_id`(`category_id`) USING BTREE,
  INDEX `idx_auction_ends_at`(`ends_at`) USING BTREE,
  INDEX `idx_auction_is_active`(`is_active`) USING BTREE,
  INDEX `fk_auction_user_id`(`user_id`) USING BTREE,
  CONSTRAINT `fk_auction_category_id` FOREIGN KEY (`category_id`) REFERENCES `category` (`category_id`) ON DELETE RESTRICT ON UPDATE CASCADE,
  CONSTRAINT `fk_auction_user_id` FOREIGN KEY (`user_id`) REFERENCES `user` (`user_id`) ON DELETE RESTRICT ON UPDATE CASCADE
) ENGINE = InnoDB AUTO_INCREMENT = 7 CHARACTER SET = utf8 COLLATE = utf8_unicode_ci ROW_FORMAT = Compact;

-- ----------------------------
-- Records of auction
-- ----------------------------
INSERT INTO `auction` VALUES (1, '2018-02-20 11:37:00', 'An oil painting of a snow covered mountain', 'An oil painting of a mountain covered in snow.', 170.00, '2018-02-20 11:37:00', '2018-03-20 11:37:00', 1, 3, 1, '1.jpg');
INSERT INTO `auction` VALUES (2, '2018-02-20 11:37:00', 'Painting 1', 'Opis ove slike ide u ovo polje', 120.00, '2018-02-20 11:37:00', '2018-03-29 11:37:00', 1, 3, 1, '2.jpg');
INSERT INTO `auction` VALUES (3, '2018-02-20 11:37:00', 'Painting #2', 'Neki drugi opis o slici broj dva.', 230.00, '2018-02-20 11:37:00', '2018-03-26 11:37:00', 1, 3, 2, '3.jpg');
INSERT INTO `auction` VALUES (4, '2018-04-24 18:34:22', 'Naslov aucije 10', 'Ovo je opis aukcije...', 100.40, '2018-04-11 10:00:11', '2018-04-18 10:00:11', 1, 2, 2, '4.jpg');
INSERT INTO `auction` VALUES (5, '2018-08-28 15:00:16', 'Painting 5', 'Best auction.', 125.00, '2018-08-24 12:24:00', '2018-09-27 12:24:00', 1, 1, 4, '5.jpg');
INSERT INTO `auction` VALUES (6, '2018-08-28 15:12:33', 'Painting 8', 'My first auction.', 80.00, '2018-08-03 15:35:00', '2018-08-31 15:15:00', 1, 5, 4, '6.jpg');

-- ----------------------------
-- Table structure for auction_view
-- ----------------------------
DROP TABLE IF EXISTS `auction_view`;
CREATE TABLE `auction_view`  (
  `auction_view_id` bigint(20) UNSIGNED NOT NULL AUTO_INCREMENT,
  `created_at` timestamp(0) NOT NULL DEFAULT CURRENT_TIMESTAMP,
  `auction_id` int(11) UNSIGNED NOT NULL,
  `ip_address` varchar(24) CHARACTER SET utf8 COLLATE utf8_unicode_ci NOT NULL,
  `user_agent` varchar(255) CHARACTER SET utf8 COLLATE utf8_unicode_ci NOT NULL,
  PRIMARY KEY (`auction_view_id`) USING BTREE,
  INDEX `fk_auction_view_auction_id`(`auction_id`) USING BTREE,
  INDEX `auction_view_ip_address_idx`(`ip_address`) USING BTREE,
  CONSTRAINT `fk_auction_view_auction_id` FOREIGN KEY (`auction_id`) REFERENCES `auction` (`auction_id`) ON DELETE RESTRICT ON UPDATE CASCADE
) ENGINE = InnoDB AUTO_INCREMENT = 91 CHARACTER SET = utf8 COLLATE = utf8_unicode_ci ROW_FORMAT = Compact;

-- ----------------------------
-- Records of auction_view
-- ----------------------------
INSERT INTO `auction_view` VALUES (2, '2018-04-15 11:49:53', 2, '199.200.10.23', 'Firefox...');
INSERT INTO `auction_view` VALUES (3, '2018-04-15 11:49:53', 2, '199.200.10.23', 'Chrome...');
INSERT INTO `auction_view` VALUES (4, '2018-04-15 11:49:53', 2, '199.200.10.23', 'Chrome...');
INSERT INTO `auction_view` VALUES (5, '2018-04-15 11:51:31', 2, '127.0.0.1', 'Mozilla/5.0 (Windows NT 6.1; Win64; x64; rv:59.0) Gecko/20100101 Firefox/59.0');
INSERT INTO `auction_view` VALUES (6, '2018-04-15 11:55:22', 2, '127.0.0.1', 'Mozilla/5.0 (Windows NT 6.1; Win64; x64; rv:59.0) Gecko/20100101 Firefox/59.0');
INSERT INTO `auction_view` VALUES (7, '2018-04-15 11:57:03', 2, '127.0.0.1', 'Mozilla/5.0 (Windows NT 6.1; Win64; x64; rv:59.0) Gecko/20100101 Firefox/59.0');
INSERT INTO `auction_view` VALUES (8, '2018-04-15 11:57:04', 2, '127.0.0.1', 'Mozilla/5.0 (Windows NT 6.1; Win64; x64; rv:59.0) Gecko/20100101 Firefox/59.0');
INSERT INTO `auction_view` VALUES (9, '2018-04-15 11:57:15', 2, '::1', 'Mozilla/5.0 (Windows NT 6.1; Win64; x64; rv:59.0) Gecko/20100101 Firefox/59.0');
INSERT INTO `auction_view` VALUES (10, '2018-04-15 11:57:16', 2, '::1', 'Mozilla/5.0 (Windows NT 6.1; Win64; x64; rv:59.0) Gecko/20100101 Firefox/59.0');
INSERT INTO `auction_view` VALUES (11, '2018-04-15 11:57:16', 2, '::1', 'Mozilla/5.0 (Windows NT 6.1; Win64; x64; rv:59.0) Gecko/20100101 Firefox/59.0');
INSERT INTO `auction_view` VALUES (12, '2018-04-15 12:23:34', 3, '::1', 'Mozilla/5.0 (Windows NT 6.1; Win64; x64; rv:59.0) Gecko/20100101 Firefox/59.0');
INSERT INTO `auction_view` VALUES (13, '2018-04-15 12:52:02', 1, '::1', 'Mozilla/5.0 (Windows NT 6.1; Win64; x64; rv:59.0) Gecko/20100101 Firefox/59.0');
INSERT INTO `auction_view` VALUES (14, '2018-04-15 13:05:21', 1, '::1', 'Mozilla/5.0 (Windows NT 6.1; Win64; x64; rv:59.0) Gecko/20100101 Firefox/59.0');
INSERT INTO `auction_view` VALUES (15, '2018-04-15 13:09:33', 3, '::1', 'Mozilla/5.0 (Windows NT 6.1; Win64; x64; rv:59.0) Gecko/20100101 Firefox/59.0');
INSERT INTO `auction_view` VALUES (16, '2018-04-21 11:53:43', 1, '::1', 'Mozilla/5.0 (Windows NT 6.1; Win64; x64; rv:59.0) Gecko/20100101 Firefox/59.0');
INSERT INTO `auction_view` VALUES (17, '2018-04-30 19:18:06', 1, '::1', 'Mozilla/5.0 (Windows NT 6.1; Win64; x64) AppleWebKit/537.36 (KHTML, like Gecko) Chrome/66.0.3359.139 Safari/537.36');
INSERT INTO `auction_view` VALUES (18, '2018-04-30 19:18:13', 4, '::1', 'Mozilla/5.0 (Windows NT 6.1; Win64; x64) AppleWebKit/537.36 (KHTML, like Gecko) Chrome/66.0.3359.139 Safari/537.36');
INSERT INTO `auction_view` VALUES (19, '2018-04-30 19:19:24', 1, '::1', 'Mozilla/5.0 (Windows NT 6.1; Win64; x64) AppleWebKit/537.36 (KHTML, like Gecko) Chrome/66.0.3359.139 Safari/537.36');
INSERT INTO `auction_view` VALUES (20, '2018-04-30 19:19:58', 1, '::1', 'Mozilla/5.0 (Windows NT 6.1; Win64; x64) AppleWebKit/537.36 (KHTML, like Gecko) Chrome/66.0.3359.139 Safari/537.36');
INSERT INTO `auction_view` VALUES (21, '2018-04-30 21:05:46', 1, '::1', 'Mozilla/5.0 (Windows NT 6.1; Win64; x64) AppleWebKit/537.36 (KHTML, like Gecko) Chrome/66.0.3359.139 Safari/537.36');
INSERT INTO `auction_view` VALUES (22, '2018-04-30 21:10:19', 1, '::1', 'Mozilla/5.0 (Windows NT 6.1; Win64; x64) AppleWebKit/537.36 (KHTML, like Gecko) Chrome/66.0.3359.139 Safari/537.36');
INSERT INTO `auction_view` VALUES (23, '2018-04-30 21:15:03', 1, '::1', 'Mozilla/5.0 (Windows NT 6.1; Win64; x64) AppleWebKit/537.36 (KHTML, like Gecko) Chrome/66.0.3359.139 Safari/537.36');
INSERT INTO `auction_view` VALUES (24, '2018-04-30 22:10:06', 1, '::1', 'Mozilla/5.0 (Windows NT 6.1; Win64; x64) AppleWebKit/537.36 (KHTML, like Gecko) Chrome/66.0.3359.139 Safari/537.36');
INSERT INTO `auction_view` VALUES (25, '2018-04-30 22:11:07', 1, '::1', 'Mozilla/5.0 (Windows NT 6.1; Win64; x64) AppleWebKit/537.36 (KHTML, like Gecko) Chrome/66.0.3359.139 Safari/537.36');
INSERT INTO `auction_view` VALUES (26, '2018-04-30 22:11:19', 3, '::1', 'Mozilla/5.0 (Windows NT 6.1; Win64; x64) AppleWebKit/537.36 (KHTML, like Gecko) Chrome/66.0.3359.139 Safari/537.36');
INSERT INTO `auction_view` VALUES (27, '2018-04-30 22:12:22', 3, '::1', 'Mozilla/5.0 (Windows NT 6.1; Win64; x64) AppleWebKit/537.36 (KHTML, like Gecko) Chrome/66.0.3359.139 Safari/537.36');
INSERT INTO `auction_view` VALUES (28, '2018-04-30 22:13:49', 3, '::1', 'Mozilla/5.0 (Windows NT 6.1; Win64; x64) AppleWebKit/537.36 (KHTML, like Gecko) Chrome/66.0.3359.139 Safari/537.36');
INSERT INTO `auction_view` VALUES (29, '2018-04-30 22:14:07', 3, '::1', 'Mozilla/5.0 (Windows NT 6.1; Win64; x64) AppleWebKit/537.36 (KHTML, like Gecko) Chrome/66.0.3359.139 Safari/537.36');
INSERT INTO `auction_view` VALUES (30, '2018-04-30 22:14:42', 3, '::1', 'Mozilla/5.0 (Windows NT 6.1; Win64; x64) AppleWebKit/537.36 (KHTML, like Gecko) Chrome/66.0.3359.139 Safari/537.36');
INSERT INTO `auction_view` VALUES (31, '2018-04-30 22:14:44', 3, '::1', 'Mozilla/5.0 (Windows NT 6.1; Win64; x64) AppleWebKit/537.36 (KHTML, like Gecko) Chrome/66.0.3359.139 Safari/537.36');
INSERT INTO `auction_view` VALUES (32, '2018-04-30 22:14:47', 3, '::1', 'Mozilla/5.0 (Windows NT 6.1; Win64; x64) AppleWebKit/537.36 (KHTML, like Gecko) Chrome/66.0.3359.139 Safari/537.36');
INSERT INTO `auction_view` VALUES (33, '2018-04-30 22:15:07', 3, '::1', 'Mozilla/5.0 (Windows NT 6.1; Win64; x64) AppleWebKit/537.36 (KHTML, like Gecko) Chrome/66.0.3359.139 Safari/537.36');
INSERT INTO `auction_view` VALUES (34, '2018-04-30 22:15:20', 1, '::1', 'Mozilla/5.0 (Windows NT 6.1; Win64; x64) AppleWebKit/537.36 (KHTML, like Gecko) Chrome/66.0.3359.139 Safari/537.36');
INSERT INTO `auction_view` VALUES (35, '2018-04-30 22:15:23', 2, '::1', 'Mozilla/5.0 (Windows NT 6.1; Win64; x64) AppleWebKit/537.36 (KHTML, like Gecko) Chrome/66.0.3359.139 Safari/537.36');
INSERT INTO `auction_view` VALUES (36, '2018-04-30 22:17:00', 2, '::1', 'Mozilla/5.0 (Windows NT 6.1; Win64; x64) AppleWebKit/537.36 (KHTML, like Gecko) Chrome/66.0.3359.139 Safari/537.36');
INSERT INTO `auction_view` VALUES (37, '2018-04-30 22:17:01', 2, '::1', 'Mozilla/5.0 (Windows NT 6.1; Win64; x64) AppleWebKit/537.36 (KHTML, like Gecko) Chrome/66.0.3359.139 Safari/537.36');
INSERT INTO `auction_view` VALUES (38, '2018-04-30 22:17:21', 3, '::1', 'Mozilla/5.0 (Windows NT 6.1; Win64; x64) AppleWebKit/537.36 (KHTML, like Gecko) Chrome/66.0.3359.139 Safari/537.36');
INSERT INTO `auction_view` VALUES (39, '2018-04-30 22:24:17', 2, '::1', 'Mozilla/5.0 (Windows NT 6.1; Win64; x64) AppleWebKit/537.36 (KHTML, like Gecko) Chrome/66.0.3359.139 Safari/537.36');
INSERT INTO `auction_view` VALUES (40, '2018-04-30 22:24:18', 3, '::1', 'Mozilla/5.0 (Windows NT 6.1; Win64; x64) AppleWebKit/537.36 (KHTML, like Gecko) Chrome/66.0.3359.139 Safari/537.36');
INSERT INTO `auction_view` VALUES (41, '2018-04-30 22:24:26', 1, '::1', 'Mozilla/5.0 (Windows NT 6.1; Win64; x64) AppleWebKit/537.36 (KHTML, like Gecko) Chrome/66.0.3359.139 Safari/537.36');
INSERT INTO `auction_view` VALUES (42, '2018-04-30 22:25:59', 3, '::1', 'Mozilla/5.0 (Windows NT 6.1; Win64; x64) AppleWebKit/537.36 (KHTML, like Gecko) Chrome/66.0.3359.139 Safari/537.36');
INSERT INTO `auction_view` VALUES (43, '2018-04-30 22:25:59', 1, '::1', 'Mozilla/5.0 (Windows NT 6.1; Win64; x64) AppleWebKit/537.36 (KHTML, like Gecko) Chrome/66.0.3359.139 Safari/537.36');
INSERT INTO `auction_view` VALUES (44, '2018-04-30 22:26:00', 2, '::1', 'Mozilla/5.0 (Windows NT 6.1; Win64; x64) AppleWebKit/537.36 (KHTML, like Gecko) Chrome/66.0.3359.139 Safari/537.36');
INSERT INTO `auction_view` VALUES (45, '2018-04-30 22:26:00', 3, '::1', 'Mozilla/5.0 (Windows NT 6.1; Win64; x64) AppleWebKit/537.36 (KHTML, like Gecko) Chrome/66.0.3359.139 Safari/537.36');
INSERT INTO `auction_view` VALUES (46, '2018-04-30 22:26:01', 1, '::1', 'Mozilla/5.0 (Windows NT 6.1; Win64; x64) AppleWebKit/537.36 (KHTML, like Gecko) Chrome/66.0.3359.139 Safari/537.36');
INSERT INTO `auction_view` VALUES (47, '2018-04-30 22:26:41', 2, '::1', 'Mozilla/5.0 (Windows NT 6.1; Win64; x64; rv:59.0) Gecko/20100101 Firefox/59.0');
INSERT INTO `auction_view` VALUES (48, '2018-04-30 22:28:31', 1, '::1', 'Mozilla/5.0 (Windows NT 6.1; Win64; x64) AppleWebKit/537.36 (KHTML, like Gecko) Chrome/66.0.3359.139 Safari/537.36');
INSERT INTO `auction_view` VALUES (49, '2018-04-30 22:28:39', 4, '::1', 'Mozilla/5.0 (Windows NT 6.1; Win64; x64) AppleWebKit/537.36 (KHTML, like Gecko) Chrome/66.0.3359.139 Safari/537.36');
INSERT INTO `auction_view` VALUES (50, '2018-04-30 22:29:15', 2, '::1', 'Mozilla/5.0 (Windows NT 6.1; Win64; x64) AppleWebKit/537.36 (KHTML, like Gecko) Chrome/66.0.3359.139 Safari/537.36');
INSERT INTO `auction_view` VALUES (51, '2018-04-30 22:33:29', 1, '::1', 'Mozilla/5.0 (Windows NT 6.1; Win64; x64) AppleWebKit/537.36 (KHTML, like Gecko) Chrome/66.0.3359.139 Safari/537.36');
INSERT INTO `auction_view` VALUES (52, '2018-04-30 22:33:32', 1, '::1', 'Mozilla/5.0 (Windows NT 6.1; Win64; x64) AppleWebKit/537.36 (KHTML, like Gecko) Chrome/66.0.3359.139 Safari/537.36');
INSERT INTO `auction_view` VALUES (53, '2018-04-30 22:33:32', 1, '::1', 'Mozilla/5.0 (Windows NT 6.1; Win64; x64) AppleWebKit/537.36 (KHTML, like Gecko) Chrome/66.0.3359.139 Safari/537.36');
INSERT INTO `auction_view` VALUES (54, '2018-04-30 22:33:33', 1, '::1', 'Mozilla/5.0 (Windows NT 6.1; Win64; x64) AppleWebKit/537.36 (KHTML, like Gecko) Chrome/66.0.3359.139 Safari/537.36');
INSERT INTO `auction_view` VALUES (55, '2018-05-06 16:18:29', 2, '::1', 'Mozilla/5.0 (Windows NT 6.1; Win64; x64) AppleWebKit/537.36 (KHTML, like Gecko) Chrome/66.0.3359.139 Safari/537.36');
INSERT INTO `auction_view` VALUES (56, '2018-05-09 20:31:02', 2, '::1', 'Mozilla/5.0 (Windows NT 6.1; Win64; x64) AppleWebKit/537.36 (KHTML, like Gecko) Chrome/66.0.3359.139 Safari/537.36');
INSERT INTO `auction_view` VALUES (57, '2018-05-09 20:31:10', 2, '::1', 'Mozilla/5.0 (Windows NT 6.1; Win64; x64) AppleWebKit/537.36 (KHTML, like Gecko) Chrome/66.0.3359.139 Safari/537.36');
INSERT INTO `auction_view` VALUES (58, '2018-05-09 20:40:38', 1, '::1', 'Mozilla/5.0 (Windows NT 6.1; Win64; x64) AppleWebKit/537.36 (KHTML, like Gecko) Chrome/66.0.3359.139 Safari/537.36');
INSERT INTO `auction_view` VALUES (59, '2018-05-09 20:40:44', 4, '::1', 'Mozilla/5.0 (Windows NT 6.1; Win64; x64) AppleWebKit/537.36 (KHTML, like Gecko) Chrome/66.0.3359.139 Safari/537.36');
INSERT INTO `auction_view` VALUES (60, '2018-05-09 20:41:05', 4, '::1', 'Mozilla/5.0 (Windows NT 6.1; Win64; x64) AppleWebKit/537.36 (KHTML, like Gecko) Chrome/66.0.3359.139 Safari/537.36');
INSERT INTO `auction_view` VALUES (61, '2018-05-09 20:42:12', 4, '::1', 'Mozilla/5.0 (Windows NT 6.1; Win64; x64) AppleWebKit/537.36 (KHTML, like Gecko) Chrome/66.0.3359.139 Safari/537.36');
INSERT INTO `auction_view` VALUES (62, '2018-05-09 20:42:14', 4, '::1', 'Mozilla/5.0 (Windows NT 6.1; Win64; x64) AppleWebKit/537.36 (KHTML, like Gecko) Chrome/66.0.3359.139 Safari/537.36');
INSERT INTO `auction_view` VALUES (63, '2018-05-09 20:43:15', 4, '::1', 'Mozilla/5.0 (Windows NT 6.1; Win64; x64) AppleWebKit/537.36 (KHTML, like Gecko) Chrome/66.0.3359.139 Safari/537.36');
INSERT INTO `auction_view` VALUES (64, '2018-05-09 20:43:15', 4, '::1', 'Mozilla/5.0 (Windows NT 6.1; Win64; x64) AppleWebKit/537.36 (KHTML, like Gecko) Chrome/66.0.3359.139 Safari/537.36');
INSERT INTO `auction_view` VALUES (65, '2018-05-09 20:43:16', 4, '::1', 'Mozilla/5.0 (Windows NT 6.1; Win64; x64) AppleWebKit/537.36 (KHTML, like Gecko) Chrome/66.0.3359.139 Safari/537.36');
INSERT INTO `auction_view` VALUES (66, '2018-05-09 20:43:16', 4, '::1', 'Mozilla/5.0 (Windows NT 6.1; Win64; x64) AppleWebKit/537.36 (KHTML, like Gecko) Chrome/66.0.3359.139 Safari/537.36');
INSERT INTO `auction_view` VALUES (67, '2018-05-09 20:43:23', 4, '::1', 'Mozilla/5.0 (Windows NT 6.1; Win64; x64) AppleWebKit/537.36 (KHTML, like Gecko) Chrome/66.0.3359.139 Safari/537.36');
INSERT INTO `auction_view` VALUES (68, '2018-05-09 20:43:27', 2, '::1', 'Mozilla/5.0 (Windows NT 6.1; Win64; x64) AppleWebKit/537.36 (KHTML, like Gecko) Chrome/66.0.3359.139 Safari/537.36');
INSERT INTO `auction_view` VALUES (69, '2018-05-09 20:45:22', 2, '::1', 'Mozilla/5.0 (Windows NT 6.1; Win64; x64) AppleWebKit/537.36 (KHTML, like Gecko) Chrome/66.0.3359.139 Safari/537.36');
INSERT INTO `auction_view` VALUES (70, '2018-05-09 20:45:27', 4, '::1', 'Mozilla/5.0 (Windows NT 6.1; Win64; x64) AppleWebKit/537.36 (KHTML, like Gecko) Chrome/66.0.3359.139 Safari/537.36');
INSERT INTO `auction_view` VALUES (71, '2018-05-09 20:45:28', 2, '::1', 'Mozilla/5.0 (Windows NT 6.1; Win64; x64) AppleWebKit/537.36 (KHTML, like Gecko) Chrome/66.0.3359.139 Safari/537.36');
INSERT INTO `auction_view` VALUES (72, '2018-05-09 20:45:57', 2, '::1', 'Mozilla/5.0 (Windows NT 6.1; Win64; x64) AppleWebKit/537.36 (KHTML, like Gecko) Chrome/66.0.3359.139 Safari/537.36');
INSERT INTO `auction_view` VALUES (73, '2018-08-28 15:03:12', 5, '::1', 'Mozilla/5.0 (Windows NT 6.1; Win64; x64) AppleWebKit/537.36 (KHTML, like Gecko) Chrome/68.0.3440.106 Safari/537.36');
INSERT INTO `auction_view` VALUES (74, '2018-08-28 15:03:55', 2, '::1', 'Mozilla/5.0 (Windows NT 6.1; Win64; x64) AppleWebKit/537.36 (KHTML, like Gecko) Chrome/68.0.3440.106 Safari/537.36');
INSERT INTO `auction_view` VALUES (75, '2018-08-28 15:03:57', 2, '::1', 'Mozilla/5.0 (Windows NT 6.1; Win64; x64) AppleWebKit/537.36 (KHTML, like Gecko) Chrome/68.0.3440.106 Safari/537.36');
INSERT INTO `auction_view` VALUES (76, '2018-08-28 15:03:58', 2, '::1', 'Mozilla/5.0 (Windows NT 6.1; Win64; x64) AppleWebKit/537.36 (KHTML, like Gecko) Chrome/68.0.3440.106 Safari/537.36');
INSERT INTO `auction_view` VALUES (77, '2018-08-28 15:04:00', 5, '::1', 'Mozilla/5.0 (Windows NT 6.1; Win64; x64) AppleWebKit/537.36 (KHTML, like Gecko) Chrome/68.0.3440.106 Safari/537.36');
INSERT INTO `auction_view` VALUES (78, '2018-08-28 15:04:05', 4, '::1', 'Mozilla/5.0 (Windows NT 6.1; Win64; x64) AppleWebKit/537.36 (KHTML, like Gecko) Chrome/68.0.3440.106 Safari/537.36');
INSERT INTO `auction_view` VALUES (79, '2018-08-28 15:06:20', 3, '::1', 'Mozilla/5.0 (Windows NT 6.1; Win64; x64) AppleWebKit/537.36 (KHTML, like Gecko) Chrome/68.0.3440.106 Safari/537.36');
INSERT INTO `auction_view` VALUES (80, '2018-08-28 15:06:24', 1, '::1', 'Mozilla/5.0 (Windows NT 6.1; Win64; x64) AppleWebKit/537.36 (KHTML, like Gecko) Chrome/68.0.3440.106 Safari/537.36');
INSERT INTO `auction_view` VALUES (81, '2018-08-28 15:06:26', 5, '::1', 'Mozilla/5.0 (Windows NT 6.1; Win64; x64) AppleWebKit/537.36 (KHTML, like Gecko) Chrome/68.0.3440.106 Safari/537.36');
INSERT INTO `auction_view` VALUES (82, '2018-08-28 15:08:09', 1, '::1', 'Mozilla/5.0 (Windows NT 6.1; Win64; x64) AppleWebKit/537.36 (KHTML, like Gecko) Chrome/68.0.3440.106 Safari/537.36');
INSERT INTO `auction_view` VALUES (83, '2018-08-28 15:08:13', 3, '::1', 'Mozilla/5.0 (Windows NT 6.1; Win64; x64) AppleWebKit/537.36 (KHTML, like Gecko) Chrome/68.0.3440.106 Safari/537.36');
INSERT INTO `auction_view` VALUES (84, '2018-08-28 15:08:17', 5, '::1', 'Mozilla/5.0 (Windows NT 6.1; Win64; x64) AppleWebKit/537.36 (KHTML, like Gecko) Chrome/68.0.3440.106 Safari/537.36');
INSERT INTO `auction_view` VALUES (85, '2018-08-28 15:08:35', 1, '::1', 'Mozilla/5.0 (Windows NT 6.1; Win64; x64) AppleWebKit/537.36 (KHTML, like Gecko) Chrome/68.0.3440.106 Safari/537.36');
INSERT INTO `auction_view` VALUES (86, '2018-08-28 15:09:26', 2, '::1', 'Mozilla/5.0 (Windows NT 6.1; Win64; x64) AppleWebKit/537.36 (KHTML, like Gecko) Chrome/68.0.3440.106 Safari/537.36');
INSERT INTO `auction_view` VALUES (87, '2018-08-28 15:12:41', 2, '::1', 'Mozilla/5.0 (Windows NT 6.1; Win64; x64) AppleWebKit/537.36 (KHTML, like Gecko) Chrome/68.0.3440.106 Safari/537.36');
INSERT INTO `auction_view` VALUES (88, '2018-08-28 15:12:46', 6, '::1', 'Mozilla/5.0 (Windows NT 6.1; Win64; x64) AppleWebKit/537.36 (KHTML, like Gecko) Chrome/68.0.3440.106 Safari/537.36');
INSERT INTO `auction_view` VALUES (89, '2018-08-28 15:13:07', 6, '::1', 'Mozilla/5.0 (Windows NT 6.1; Win64; x64) AppleWebKit/537.36 (KHTML, like Gecko) Chrome/68.0.3440.106 Safari/537.36');
INSERT INTO `auction_view` VALUES (90, '2018-08-28 15:13:22', 6, '::1', 'Mozilla/5.0 (Windows NT 6.1; Win64; x64) AppleWebKit/537.36 (KHTML, like Gecko) Chrome/68.0.3440.106 Safari/537.36');

-- ----------------------------
-- Table structure for category
-- ----------------------------
DROP TABLE IF EXISTS `category`;
CREATE TABLE `category`  (
  `category_id` int(11) UNSIGNED NOT NULL AUTO_INCREMENT,
  `name` varchar(64) CHARACTER SET utf8 COLLATE utf8_unicode_ci NOT NULL,
  PRIMARY KEY (`category_id`) USING BTREE,
  UNIQUE INDEX `uq_category_name`(`name`) USING BTREE
) ENGINE = InnoDB AUTO_INCREMENT = 6 CHARACTER SET = utf8 COLLATE = utf8_unicode_ci ROW_FORMAT = Compact;

-- ----------------------------
-- Records of category
-- ----------------------------
INSERT INTO `category` VALUES (1, 'Antiques');
INSERT INTO `category` VALUES (3, 'Art');
INSERT INTO `category` VALUES (2, 'Numismatics');
INSERT INTO `category` VALUES (5, 'Sculptures');
INSERT INTO `category` VALUES (4, 'Some old things');

-- ----------------------------
-- Table structure for event
-- ----------------------------
DROP TABLE IF EXISTS `event`;
CREATE TABLE `event`  (
  `email_id` bigint(20) UNSIGNED NOT NULL AUTO_INCREMENT,
  `created_at` timestamp(0) NOT NULL DEFAULT CURRENT_TIMESTAMP,
  `type` enum('email') CHARACTER SET latin1 COLLATE latin1_swedish_ci NOT NULL,
  `data` text CHARACTER SET latin1 COLLATE latin1_swedish_ci NOT NULL,
  `status` enum('pending','failed','done') CHARACTER SET latin1 COLLATE latin1_swedish_ci NOT NULL DEFAULT 'pending',
  PRIMARY KEY (`email_id`) USING BTREE
) ENGINE = InnoDB AUTO_INCREMENT = 4 CHARACTER SET = latin1 COLLATE = latin1_swedish_ci ROW_FORMAT = Compact;

-- ----------------------------
-- Records of event
-- ----------------------------
INSERT INTO `event` VALUES (1, '2018-08-28 15:08:18', 'email', '{\"to\":[\"mladen@my.email\"],\"cc\":[],\"bcc\":[],\"att\":[],\"sub\":\"Nova licitacija\",\"txt\":\"<!doctype html><html><meta charset=\\\"utf-8\\\"><\\/head><body>Neko je licitirao na Va\\u0161u akciju &quot;Painting 5&quot; sa iznosom 127.00<\\/body><\\/html>\",\"count\":0}', 'pending');
INSERT INTO `event` VALUES (2, '2018-08-28 15:08:29', 'email', '{\"to\":[\"mladen@my.email\"],\"cc\":[],\"bcc\":[],\"att\":[],\"sub\":\"Nova licitacija\",\"txt\":\"<!doctype html><html><meta charset=\\\"utf-8\\\"><\\/head><body>Neko je licitirao na Va\\u0161u akciju &quot;Painting 5&quot; sa iznosom 500.00<\\/body><\\/html>\",\"count\":0}', 'pending');
INSERT INTO `event` VALUES (3, '2018-08-28 15:13:25', 'email', '{\"to\":[\"mladen@my.email\"],\"cc\":[],\"bcc\":[],\"att\":[],\"sub\":\"Nova licitacija\",\"txt\":\"<!doctype html><html><meta charset=\\\"utf-8\\\"><\\/head><body>Neko je licitirao na Va\\u0161u akciju &quot;Painting 8&quot; sa iznosom 85.00<\\/body><\\/html>\",\"count\":0}', 'pending');

-- ----------------------------
-- Table structure for offer
-- ----------------------------
DROP TABLE IF EXISTS `offer`;
CREATE TABLE `offer`  (
  `offer_id` bigint(20) UNSIGNED NOT NULL AUTO_INCREMENT,
  `created_at` timestamp(0) NOT NULL DEFAULT CURRENT_TIMESTAMP,
  `auction_id` int(11) UNSIGNED NOT NULL,
  `user_id` int(11) UNSIGNED NOT NULL,
  `price` decimal(10, 2) UNSIGNED NOT NULL,
  PRIMARY KEY (`offer_id`) USING BTREE,
  INDEX `fk_offer_auction_id`(`auction_id`) USING BTREE,
  INDEX `fk_offer_user_id`(`user_id`) USING BTREE,
  CONSTRAINT `fk_offer_auction_id` FOREIGN KEY (`auction_id`) REFERENCES `auction` (`auction_id`) ON DELETE RESTRICT ON UPDATE CASCADE,
  CONSTRAINT `fk_offer_user_id` FOREIGN KEY (`user_id`) REFERENCES `user` (`user_id`) ON DELETE RESTRICT ON UPDATE CASCADE
) ENGINE = InnoDB AUTO_INCREMENT = 8 CHARACTER SET = utf8 COLLATE = utf8_unicode_ci ROW_FORMAT = Compact;

-- ----------------------------
-- Records of offer
-- ----------------------------
INSERT INTO `offer` VALUES (1, '2018-03-13 20:25:41', 1, 2, 200.00);
INSERT INTO `offer` VALUES (2, '2018-03-13 20:28:20', 1, 1, 210.00);
INSERT INTO `offer` VALUES (3, '2018-03-13 20:28:25', 1, 2, 223.00);
INSERT INTO `offer` VALUES (4, '2018-03-13 20:35:40', 2, 2, 300.00);
INSERT INTO `offer` VALUES (5, '2018-08-28 15:08:17', 5, 1, 127.00);
INSERT INTO `offer` VALUES (6, '2018-08-28 15:08:29', 5, 1, 500.00);
INSERT INTO `offer` VALUES (7, '2018-08-28 15:13:25', 6, 1, 85.00);

-- ----------------------------
-- Table structure for user
-- ----------------------------
DROP TABLE IF EXISTS `user`;
CREATE TABLE `user`  (
  `user_id` int(11) UNSIGNED NOT NULL AUTO_INCREMENT,
  `created_at` timestamp(0) NOT NULL DEFAULT CURRENT_TIMESTAMP,
  `username` varchar(64) CHARACTER SET utf8 COLLATE utf8_unicode_ci NOT NULL,
  `password_hash` varchar(128) CHARACTER SET utf8 COLLATE utf8_unicode_ci NOT NULL,
  `email` varchar(255) CHARACTER SET utf8 COLLATE utf8_unicode_ci NOT NULL,
  `forename` varchar(64) CHARACTER SET utf8 COLLATE utf8_unicode_ci NOT NULL,
  `surname` varchar(64) CHARACTER SET utf8 COLLATE utf8_unicode_ci NOT NULL,
  `is_active` tinyint(1) UNSIGNED NOT NULL DEFAULT 1,
  PRIMARY KEY (`user_id`) USING BTREE,
  UNIQUE INDEX `uq_user_username`(`username`) USING BTREE,
  UNIQUE INDEX `uq_user_email`(`email`) USING BTREE,
  INDEX `idx_user_is_active`(`is_active`) USING BTREE
) ENGINE = InnoDB AUTO_INCREMENT = 5 CHARACTER SET = utf8 COLLATE = utf8_unicode_ci ROW_FORMAT = Compact;

-- ----------------------------
-- Records of user
-- ----------------------------
INSERT INTO `user` VALUES (1, '2018-02-20 11:37:00', 'user_one', '$2y$10$l5rTYUB5S11.33ENqep9Yel/Q0.DC/bc1WrgeWjykZwgFdjecEA5G', 'user@some-site.com', 'User', 'One', 1);
INSERT INTO `user` VALUES (2, '2018-02-20 11:37:20', 'user_two', '$2y$10$zU.0/FwSndXO8iJPiU7x3OqIJcJDlM1VQGm2iYMz7GJlXtZ5Irhp.', 'user@some-other-site.com', 'User', 'Two', 1);
INSERT INTO `user` VALUES (3, '2018-05-06 16:54:55', 'user_3', '$2y$10$TZGaANU1NnGLn7wOlA5XOetqDPvFTpHOfaqBmfI69FHEEhUmWyqOi', 'user@some-site.rs', 'Pera', 'Peric', 1);
INSERT INTO `user` VALUES (4, '2018-08-28 14:58:28', 'mladen', '$2y$10$l5rTYUB5S11.33ENqep9Yel/Q0.DC/bc1WrgeWjykZwgFdjecEA5G', 'mladen@my.email', 'Mladen', 'Mladen', 1);

SET FOREIGN_KEY_CHECKS = 1;
